-- =====================================================
-- INSERT ALL REMAINING DATA - PAYMENTS, REVIEWS, MESSAGES
-- =====================================================
USE freelance_gig_exchange;

-- PAYMENTS (200 entries)
INSERT IGNORE INTO payments (contract_id, amount, payment_date, method, status, transaction_id)
VALUES
(1, 60000.00, '2024-01-13', 'UPI', 'Paid', 'UPI000001'),
(1, 60000.00, '2024-02-13', 'Bank Transfer', 'Pending', 'BT000001'),
(2, 47500.00, '2024-01-14', 'UPI', 'Paid', 'UPI000002'),
(2, 47500.00, '2024-02-14', 'UPI', 'Pending', 'UPI000003'),
(3, 56666.67, '2024-01-17', 'Paytm', 'Paid', 'PTM000001'),
(3, 56666.67, '2024-02-17', 'Paytm', 'Paid', 'PTM000002'),
(3, 56666.66, '2024-03-17', 'Paytm', 'Pending', 'PTM000003'),
(4, 27500.00, '2024-02-03', 'UPI', 'Paid', 'UPI000004'),
(4, 27500.00, '2024-02-18', 'UPI', 'Pending', 'UPI000005'),
(5, 50000.00, '2024-02-07', 'Bank Transfer', 'Paid', 'BT000002'),
(5, 50000.00, '2024-03-07', 'Bank Transfer', 'Pending', 'BT000003'),
(6, 46666.67, '2024-02-12', 'UPI', 'Paid', 'UPI000006'),
(6, 46666.67, '2024-03-12', 'UPI', 'Paid', 'UPI000007'),
(6, 46666.66, '2024-04-12', 'UPI', 'Pending', 'UPI000008'),
(7, 45000.00, '2024-02-14', 'UPI', 'Paid', 'UPI000009'),
(8, 60000.00, '2024-02-22', 'Bank Transfer', 'Paid', 'BT000004'),
(8, 60000.00, '2024-03-22', 'Bank Transfer', 'Pending', 'BT000005'),
(9, 60000.00, '2024-03-02', 'Paytm', 'Paid', 'PTM000004'),
(9, 60000.00, '2024-04-02', 'Paytm', 'Paid', 'PTM000005'),
(9, 60000.00, '2024-05-02', 'Paytm', 'Pending', 'PTM000006'),
(10, 35000.00, '2024-03-07', 'UPI', 'Paid', 'UPI000010'),
(11, 56666.67, '2024-01-10', 'UPI', 'Paid', 'UPI000011'),
(11, 56666.67, '2024-02-10', 'UPI', 'Paid', 'UPI000012'),
(11, 56666.66, '2024-03-10', 'UPI', 'Pending', 'UPI000013'),
(12, 65000.00, '2024-01-16', 'Bank Transfer', 'Paid', 'BT000006'),
(12, 65000.00, '2024-02-16', 'Bank Transfer', 'Pending', 'BT000007'),
(13, 60000.00, '2024-01-20', 'Paytm', 'Paid', 'PTM000007'),
(13, 60000.00, '2024-02-20', 'Paytm', 'Paid', 'PTM000008'),
(13, 60000.00, '2024-03-20', 'Paytm', 'Pending', 'PTM000009'),
(14, 40000.00, '2024-02-05', 'UPI', 'Paid', 'UPI000014'),
(14, 40000.00, '2024-02-20', 'UPI', 'Pending', 'UPI000015'),
(15, 57500.00, '2024-02-09', 'Bank Transfer', 'Paid', 'BT000008'),
(15, 57500.00, '2024-03-09', 'Bank Transfer', 'Pending', 'BT000009'),
(16, 50000.00, '2024-02-13', 'UPI', 'Paid', 'UPI000016'),
(16, 50000.00, '2024-03-13', 'UPI', 'Paid', 'UPI000017'),
(16, 50000.00, '2024-04-13', 'UPI', 'Pending', 'UPI000018'),
(17, 65000.00, '2024-02-15', 'UPI', 'Paid', 'UPI000019'),
(18, 62500.00, '2024-02-23', 'Bank Transfer', 'Paid', 'BT000010'),
(18, 62500.00, '2024-03-23', 'Bank Transfer', 'Pending', 'BT000011'),
(19, 55000.00, '2024-03-03', 'Paytm', 'Paid', 'PTM000010'),
(19, 55000.00, '2024-04-03', 'Paytm', 'Paid', 'PTM000011'),
(19, 55000.00, '2024-05-03', 'Paytm', 'Pending', 'PTM000012'),
(20, 50000.00, '2024-03-08', 'UPI', 'Paid', 'UPI000020'),
(21, 52500.00, '2024-01-13', 'UPI', 'Paid', 'UPI000021'),
(21, 52500.00, '2024-02-13', 'UPI', 'Pending', 'UPI000022'),
(22, 67500.00, '2024-01-15', 'Bank Transfer', 'Paid', 'BT000012'),
(22, 67500.00, '2024-02-15', 'Bank Transfer', 'Pending', 'BT000013'),
(23, 40000.00, '2024-01-18', 'UPI', 'Paid', 'UPI000023'),
(24, 48333.33, '2024-01-21', 'Paytm', 'Paid', 'PTM000013'),
(24, 48333.33, '2024-02-21', 'Paytm', 'Paid', 'PTM000014'),
(24, 48333.34, '2024-03-21', 'Paytm', 'Pending', 'PTM000015'),
(25, 70000.00, '2024-01-24', 'UPI', 'Paid', 'UPI000024'),
(25, 70000.00, '2024-02-24', 'UPI', 'Paid', 'UPI000025'),
(25, 70000.00, '2024-03-24', 'UPI', 'Pending', 'UPI000026'),
(26, 42500.00, '2024-02-06', 'UPI', 'Paid', 'UPI000027'),
(26, 42500.00, '2024-02-21', 'UPI', 'Pending', 'UPI000028'),
(27, 47500.00, '2024-02-10', 'Bank Transfer', 'Paid', 'BT000014'),
(27, 47500.00, '2024-03-10', 'Bank Transfer', 'Pending', 'BT000015'),
(28, 53333.33, '2024-02-16', 'UPI', 'Paid', 'UPI000029'),
(28, 53333.33, '2024-03-16', 'UPI', 'Paid', 'UPI000030'),
(28, 53333.34, '2024-04-16', 'UPI', 'Pending', 'UPI000031'),
(29, 75000.00, '2024-02-17', 'UPI', 'Paid', 'UPI000032'),
(30, 57500.00, '2024-02-24', 'Bank Transfer', 'Paid', 'BT000016'),
(30, 57500.00, '2024-03-24', 'Bank Transfer', 'Pending', 'BT000017'),
(31, 61666.67, '2024-03-04', 'Paytm', 'Paid', 'PTM000016'),
(31, 61666.67, '2024-04-04', 'Paytm', 'Paid', 'PTM000017'),
(31, 61666.66, '2024-05-04', 'Paytm', 'Pending', 'PTM000018'),
(32, 30000.00, '2024-03-09', 'UPI', 'Paid', 'UPI000033'),
(33, 60000.00, '2024-01-11', 'UPI', 'Paid', 'UPI000034'),
(33, 60000.00, '2024-02-11', 'UPI', 'Pending', 'UPI000035'),
(34, 56666.67, '2024-01-19', 'Paytm', 'Paid', 'PTM000019'),
(34, 56666.67, '2024-02-19', 'Paytm', 'Paid', 'PTM000020'),
(34, 56666.66, '2024-03-19', 'Paytm', 'Pending', 'PTM000021'),
(35, 45000.00, '2024-01-22', 'UPI', 'Paid', 'UPI000036'),
(36, 70000.00, '2024-01-25', 'Bank Transfer', 'Paid', 'BT000018'),
(36, 70000.00, '2024-02-25', 'Bank Transfer', 'Paid', 'BT000019'),
(36, 70000.00, '2024-03-25', 'Bank Transfer', 'Pending', 'BT000020'),
(37, 35000.00, '2024-02-08', 'UPI', 'Paid', 'UPI000037'),
(37, 35000.00, '2024-02-23', 'UPI', 'Pending', 'UPI000038'),
(38, 50000.00, '2024-02-11', 'UPI', 'Paid', 'UPI000039'),
(38, 50000.00, '2024-03-11', 'UPI', 'Pending', 'UPI000040'),
(39, 51666.67, '2024-02-18', 'Paytm', 'Paid', 'PTM000022'),
(39, 51666.67, '2024-03-18', 'Paytm', 'Paid', 'PTM000023'),
(39, 51666.66, '2024-04-18', 'Paytm', 'Pending', 'PTM000024'),
(40, 90000.00, '2024-02-19', 'UPI', 'Paid', 'UPI000041'),
(41, 62500.00, '2024-02-25', 'Bank Transfer', 'Paid', 'BT000021'),
(41, 62500.00, '2024-03-25', 'Bank Transfer', 'Pending', 'BT000022'),
(42, 73333.33, '2024-03-05', 'Paytm', 'Paid', 'PTM000025'),
(42, 73333.33, '2024-04-05', 'Paytm', 'Paid', 'PTM000026'),
(42, 73333.34, '2024-05-05', 'Paytm', 'Pending', 'PTM000027'),
(43, 40000.00, '2024-03-10', 'UPI', 'Paid', 'UPI000042'),
(44, 55000.00, '2024-01-09', 'UPI', 'Paid', 'UPI000043'),
(44, 55000.00, '2024-02-09', 'UPI', 'Pending', 'UPI000044'),
(45, 56666.67, '2024-01-23', 'Paytm', 'Paid', 'PTM000028'),
(45, 56666.67, '2024-02-23', 'Paytm', 'Paid', 'PTM000029'),
(45, 56666.66, '2024-03-23', 'Paytm', 'Pending', 'PTM000030'),
(46, 52500.00, '2024-01-26', 'Bank Transfer', 'Paid', 'BT000023'),
(46, 52500.00, '2024-02-26', 'Bank Transfer', 'Pending', 'BT000024'),
(47, 55000.00, '2024-01-29', 'UPI', 'Paid', 'UPI000045'),
(47, 55000.00, '2024-02-29', 'UPI', 'Pending', 'UPI000046'),
(48, 71666.67, '2024-02-01', 'Paytm', 'Paid', 'PTM000031'),
(48, 71666.67, '2024-03-01', 'Paytm', 'Paid', 'PTM000032'),
(48, 71666.66, '2024-04-01', 'Paytm', 'Pending', 'PTM000033'),
(49, 60000.00, '2024-02-04', 'UPI', 'Paid', 'UPI000047'),
(50, 57500.00, '2024-02-12', 'Bank Transfer', 'Paid', 'BT000025'),
(50, 57500.00, '2024-03-12', 'Bank Transfer', 'Pending', 'BT000026'),
(51, 48333.33, '2024-02-20', 'UPI', 'Paid', 'UPI000048'),
(51, 48333.33, '2024-03-20', 'UPI', 'Paid', 'UPI000049'),
(51, 48333.34, '2024-04-20', 'UPI', 'Pending', 'UPI000050'),
(52, 80000.00, '2024-02-21', 'UPI', 'Paid', 'UPI000051'),
(53, 62500.00, '2024-02-26', 'Bank Transfer', 'Paid', 'BT000027'),
(53, 62500.00, '2024-03-26', 'Bank Transfer', 'Pending', 'BT000028'),
(54, 73333.33, '2024-03-06', 'Paytm', 'Paid', 'PTM000034'),
(54, 73333.33, '2024-04-06', 'Paytm', 'Paid', 'PTM000035'),
(54, 73333.34, '2024-05-06', 'Paytm', 'Pending', 'PTM000036'),
(55, 35000.00, '2024-03-11', 'UPI', 'Paid', 'UPI000052'),
(56, 55000.00, '2024-01-08', 'UPI', 'Paid', 'UPI000053'),
(56, 55000.00, '2024-02-08', 'UPI', 'Pending', 'UPI000054'),
(57, 56666.67, '2024-01-27', 'Paytm', 'Paid', 'PTM000037'),
(57, 56666.67, '2024-02-27', 'Paytm', 'Paid', 'PTM000038'),
(57, 56666.66, '2024-03-27', 'Paytm', 'Pending', 'PTM000039'),
(58, 57500.00, '2024-01-30', 'Bank Transfer', 'Paid', 'BT000029'),
(58, 57500.00, '2024-02-29', 'Bank Transfer', 'Pending', 'BT000030'),
(59, 50000.00, '2024-02-02', 'UPI', 'Paid', 'UPI000055'),
(59, 50000.00, '2024-03-02', 'UPI', 'Pending', 'UPI000056'),
(60, 51666.67, '2024-02-28', 'Paytm', 'Paid', 'PTM000040'),
(60, 51666.67, '2024-03-28', 'Paytm', 'Paid', 'PTM000041'),
(60, 51666.66, '2024-04-28', 'Paytm', 'Pending', 'PTM000042'),
(61, 61666.67, '2024-03-01', 'Paytm', 'Paid', 'PTM000043'),
(61, 61666.67, '2024-04-01', 'Paytm', 'Paid', 'PTM000044'),
(61, 61666.66, '2024-05-01', 'Paytm', 'Pending', 'PTM000045'),
(62, 40000.00, '2024-03-12', 'UPI', 'Paid', 'UPI000057'),
(63, 60000.00, '2024-02-14', 'UPI', 'Paid', 'UPI000058'),
(63, 60000.00, '2024-03-14', 'UPI', 'Pending', 'UPI000059'),
(64, 50000.00, '2024-02-27', 'UPI', 'Paid', 'UPI000060'),
(64, 50000.00, '2024-03-27', 'UPI', 'Paid', 'UPI000061'),
(64, 50000.00, '2024-04-27', 'UPI', 'Pending', 'UPI000062'),
(65, 72500.00, '2024-02-28', 'Bank Transfer', 'Paid', 'BT000031'),
(65, 72500.00, '2024-03-28', 'Bank Transfer', 'Pending', 'BT000032'),
(66, 80000.00, '2024-03-07', 'UPI', 'Paid', 'UPI000063'),
(66, 80000.00, '2024-04-07', 'UPI', 'Pending', 'UPI000064'),
(67, 67500.00, '2024-03-12', 'Bank Transfer', 'Paid', 'BT000033'),
(67, 67500.00, '2024-04-12', 'Bank Transfer', 'Pending', 'BT000034'),
(68, 80000.00, '2024-03-13', 'UPI', 'Paid', 'UPI000065'),
(69, 55000.00, '2024-01-07', 'UPI', 'Paid', 'UPI000066'),
(69, 55000.00, '2024-02-07', 'UPI', 'Pending', 'UPI000067'),
(70, 70000.00, '2024-02-01', 'UPI', 'Paid', 'UPI000068'),
(70, 70000.00, '2024-03-01', 'UPI', 'Pending', 'UPI000069'),
(71, 62500.00, '2024-02-03', 'Bank Transfer', 'Paid', 'BT000035'),
(71, 62500.00, '2024-03-03', 'Bank Transfer', 'Pending', 'BT000036'),
(72, 85000.00, '2024-02-15', 'UPI', 'Paid', 'UPI000070'),
(73, 115000.00, '2024-02-29', 'UPI', 'Paid', 'UPI000071'),
(74, 50000.00, '2024-03-13', 'UPI', 'Paid', 'UPI000072'),
(75, 65000.00, '2024-01-05', 'UPI', 'Paid', 'UPI000073'),
(75, 65000.00, '2024-02-05', 'UPI', 'Pending', 'UPI000074'),
(76, 60000.00, '2024-02-04', 'UPI', 'Paid', 'UPI000075'),
(76, 60000.00, '2024-03-04', 'UPI', 'Paid', 'UPI000076'),
(76, 60000.00, '2024-04-04', 'UPI', 'Pending', 'UPI000077'),
(77, 95000.00, '2024-02-16', 'UPI', 'Paid', 'UPI000078'),
(78, 57500.00, '2024-03-01', 'Bank Transfer', 'Paid', 'BT000037'),
(78, 57500.00, '2024-04-01', 'Bank Transfer', 'Pending', 'BT000038'),
(79, 63333.33, '2024-03-08', 'Paytm', 'Paid', 'PTM000046'),
(79, 63333.33, '2024-04-08', 'Paytm', 'Paid', 'PTM000047'),
(79, 63333.34, '2024-05-08', 'Paytm', 'Pending', 'PTM000048'),
(80, 65000.00, '2024-03-14', 'UPI', 'Paid', 'UPI000079'),
(81, 52500.00, '2024-01-04', 'UPI', 'Paid', 'UPI000080'),
(81, 52500.00, '2024-02-04', 'UPI', 'Pending', 'UPI000081'),
(82, 63333.33, '2024-02-05', 'Paytm', 'Paid', 'PTM000049'),
(82, 63333.33, '2024-03-05', 'Paytm', 'Paid', 'PTM000050'),
(82, 63333.34, '2024-04-05', 'Paytm', 'Pending', 'PTM000051'),
(83, 95000.00, '2024-02-17', 'UPI', 'Paid', 'UPI000082'),
(84, 55000.00, '2024-03-03', 'UPI', 'Paid', 'UPI000083'),
(84, 55000.00, '2024-04-03', 'UPI', 'Pending', 'UPI000084'),
(85, 68333.33, '2024-03-09', 'Paytm', 'Paid', 'PTM000052'),
(85, 68333.33, '2024-04-09', 'Paytm', 'Paid', 'PTM000053'),
(85, 68333.34, '2024-05-09', 'Paytm', 'Pending', 'PTM000054'),
(86, 75000.00, '2024-03-15', 'UPI', 'Paid', 'UPI000085'),
(87, 50000.00, '2024-01-03', 'UPI', 'Paid', 'UPI000086'),
(87, 50000.00, '2024-02-03', 'UPI', 'Pending', 'UPI000087'),
(88, 53333.33, '2024-02-06', 'Paytm', 'Paid', 'PTM000055'),
(88, 53333.33, '2024-03-06', 'Paytm', 'Paid', 'PTM000056'),
(88, 53333.34, '2024-04-06', 'Paytm', 'Pending', 'PTM000057'),
(89, 67500.00, '2024-02-18', 'Bank Transfer', 'Paid', 'BT000039'),
(89, 67500.00, '2024-03-18', 'Bank Transfer', 'Pending', 'BT000040'),
(90, 75000.00, '2024-03-04', 'UPI', 'Paid', 'UPI000088'),
(90, 75000.00, '2024-04-04', 'UPI', 'Pending', 'UPI000089'),
(91, 60000.00, '2024-03-10', 'UPI', 'Paid', 'UPI000090'),
(91, 60000.00, '2024-04-10', 'UPI', 'Paid', 'UPI000091'),
(91, 60000.00, '2024-05-10', 'UPI', 'Pending', 'UPI000092'),
(92, 90000.00, '2024-03-16', 'UPI', 'Paid', 'UPI000093'),
(93, 60000.00, '2024-02-02', 'UPI', 'Paid', 'UPI000094'),
(93, 60000.00, '2024-03-02', 'UPI', 'Pending', 'UPI000095'),
(94, 50000.00, '2024-02-07', 'UPI', 'Paid', 'UPI000096'),
(94, 50000.00, '2024-03-07', 'UPI', 'Paid', 'UPI000097'),
(94, 50000.00, '2024-04-07', 'UPI', 'Pending', 'UPI000098'),
(95, 72500.00, '2024-02-28', 'Bank Transfer', 'Paid', 'BT000041'),
(95, 72500.00, '2024-03-28', 'Bank Transfer', 'Pending', 'BT000042'),
(96, 80000.00, '2024-03-01', 'UPI', 'Paid', 'UPI000099'),
(96, 80000.00, '2024-04-01', 'UPI', 'Pending', 'UPI000100'),
(97, 80000.00, '2024-03-07', 'UPI', 'Paid', 'UPI000101'),
(97, 80000.00, '2024-04-07', 'UPI', 'Paid', 'UPI000102'),
(97, 80000.00, '2024-05-07', 'UPI', 'Pending', 'UPI000103'),
(98, 45000.00, '2024-03-12', 'UPI', 'Paid', 'UPI000104'),
(99, 55000.00, '2024-01-07', 'UPI', 'Paid', 'UPI000105'),
(99, 55000.00, '2024-02-07', 'UPI', 'Pending', 'UPI000106'),
(100, 70000.00, '2024-02-01', 'UPI', 'Paid', 'UPI000107'),
(100, 70000.00, '2024-03-01', 'UPI', 'Pending', 'UPI000108');

-- REVIEWS (100 entries)
INSERT IGNORE INTO reviews (contract_id, rating, comments, review_date)
VALUES
(1, 5, 'Great work, very responsive and delivered on time.', '2024-03-14'),
(2, 4, 'Good dashboard but needed some changes.', '2024-02-28'),
(3, 5, 'Excellent mobile app, great understanding of requirements.', '2024-04-18'),
(4, 5, 'Design was exactly as expected, very professional.', '2024-03-04'),
(5, 4, 'DevOps setup was good but took longer than expected.', '2024-03-28'),
(6, 5, 'Excellent chatbot, good understanding of NLP.', '2024-04-13'),
(7, 4, 'SEO improvements were noticeable, good work.', '2024-03-21'),
(8, 5, 'Churn prediction model was accurate and helpful.', '2024-04-23'),
(9, 5, 'E-learning app is user-friendly and well-designed.', '2024-05-03'),
(10, 4, 'Graphics are good, but minor tweaks required.', '2024-04-01'),
(11, 5, 'E-commerce platform works perfectly, great job!', '2024-03-11'),
(12, 4, 'BI dashboard is informative and well-designed.', '2024-03-17'),
(13, 5, 'Food delivery app exceeded expectations.', '2024-04-21'),
(14, 5, 'Healthcare app UI is intuitive and modern.', '2024-03-06'),
(15, 4, 'Cloud setup was efficient and scalable.', '2024-03-30'),
(16, 5, 'Image recognition system is highly accurate.', '2024-04-14'),
(17, 4, 'Corporate website looks professional.', '2024-03-16'),
(18, 5, 'Data warehouse design is comprehensive.', '2024-04-24'),
(19, 5, 'Fitness app is feature-rich and engaging.', '2024-05-04'),
(20, 4, 'Brand guidelines are clear and comprehensive.', '2024-03-26'),
(21, 5, 'Kubernetes deployment was smooth.', '2024-03-12'),
(22, 4, 'Sentiment analysis tool works well.', '2024-03-14'),
(23, 5, 'Portfolio website is modern and clean.', '2024-02-17'),
(24, 5, 'Predictive analytics model is accurate.', '2024-03-22'),
(25, 5, 'Ride-sharing app is user-friendly.', '2024-04-25'),
(26, 4, 'Mobile banking UI is clean and functional.', '2024-03-07'),
(27, 5, 'Monitoring setup is comprehensive.', '2024-03-29'),
(28, 5, 'Recommendation engine works perfectly.', '2024-04-17'),
(29, 4, 'Blog platform is easy to use.', '2024-03-18'),
(30, 5, 'Financial dashboard is informative.', '2024-04-23'),
(31, 5, 'Grocery app is convenient and fast.', '2024-05-03'),
(32, 4, 'Icon set is modern and consistent.', '2024-03-23'),
(33, 5, 'Serverless architecture is efficient.', '2024-03-10'),
(34, 5, 'Fraud detection system is reliable.', '2024-03-18'),
(35, 4, 'Landing pages convert well.', '2024-02-21'),
(36, 5, 'Supply chain analytics are insightful.', '2024-03-24'),
(37, 5, 'Social media app is engaging.', '2024-04-28'),
(38, 4, 'Web app UI is modern.', '2024-03-07'),
(39, 5, 'Database migration was seamless.', '2024-03-30'),
(40, 5, 'NLP system is accurate.', '2024-04-17'),
(41, 4, 'Event website is functional.', '2024-03-18'),
(42, 5, 'Marketing analytics are comprehensive.', '2024-04-24'),
(43, 5, 'Travel app is user-friendly.', '2024-05-04'),
(44, 4, 'Illustrations are creative.', '2024-03-29'),
(45, 5, 'Microservices architecture is scalable.', '2024-03-08'),
(46, 5, 'Computer vision system is accurate.', '2024-03-22'),
(47, 4, 'Real estate website is informative.', '2024-03-25'),
(48, 5, 'HR dashboard is useful.', '2024-03-29'),
(49, 5, 'Music app has great features.', '2024-04-01'),
(50, 4, 'Packaging design is attractive.', '2024-03-03'),
(51, 5, 'Disaster recovery is reliable.', '2024-04-13'),
(52, 5, 'Time series forecasting is accurate.', '2024-04-19'),
(53, 4, 'Restaurant website is functional.', '2024-03-20'),
(54, 5, 'Customer segmentation is insightful.', '2024-04-25'),
(55, 5, 'Dating app is well-designed.', '2024-05-05'),
(56, 4, 'Infographics are clear.', '2024-03-25'),
(57, 5, 'Load balancing works perfectly.', '2024-03-07'),
(58, 5, 'Speech recognition is accurate.', '2024-03-26'),
(59, 4, 'News portal is informative.', '2024-03-29'),
(60, 5, 'Inventory analytics are helpful.', '2024-04-01'),
(61, 5, 'Video streaming app works smoothly.', '2024-05-02'),
(62, 4, 'Brochures are professional.', '2024-03-02'),
(63, 5, 'Security audit was thorough.', '2024-04-13'),
(64, 5, 'Anomaly detection is reliable.', '2024-04-26'),
(65, 4, 'E-learning platform is comprehensive.', '2024-04-27'),
(66, 5, 'Sales forecasting is accurate.', '2024-04-28'),
(67, 5, 'AR shopping app is innovative.', '2024-05-06'),
(68, 4, 'Presentations are professional.', '2024-03-26'),
(69, 5, 'API gateway is efficient.', '2024-03-06'),
(70, 5, 'Text classification works well.', '2024-03-30'),
(71, 4, 'Job portal is user-friendly.', '2024-04-02'),
(72, 5, 'Risk analysis is comprehensive.', '2024-04-14'),
(73, 5, 'Gaming app is engaging.', '2024-05-29'),
(74, 4, 'Wireframes are clear.', '2024-03-27'),
(75, 5, 'Container orchestration works well.', '2024-03-05'),
(76, 5, 'Deep learning model is accurate.', '2024-04-03'),
(77, 4, 'Forum website is functional.', '2024-04-15'),
(78, 5, 'Performance analytics are helpful.', '2024-04-30'),
(79, 5, 'Health monitoring app is useful.', '2024-05-07'),
(80, 4, 'Logo animation is creative.', '2024-03-28'),
(81, 5, 'Auto-scaling works perfectly.', '2024-03-04'),
(82, 5, 'Neural network is accurate.', '2024-04-04'),
(83, 4, 'Booking system is efficient.', '2024-04-16'),
(84, 5, 'Quality metrics are comprehensive.', '2024-05-02'),
(85, 5, 'Navigation app is reliable.', '2024-05-08'),
(86, 4, 'Brand refresh is modern.', '2024-04-14'),
(87, 5, 'Backup strategy is reliable.', '2024-03-03'),
(88, 5, 'Predictive maintenance works well.', '2024-04-05'),
(89, 4, 'CMS is user-friendly.', '2024-04-17'),
(90, 5, 'Data mining platform is powerful.', '2024-05-03'),
(91, 5, 'Weather app is accurate.', '2024-05-09'),
(92, 4, 'Print design is professional.', '2024-04-05'),
(93, 5, 'Network security is robust.', '2024-03-02'),
(94, 5, 'Testing framework is comprehensive.', '2024-04-07'),
(95, 4, 'Membership portal is functional.', '2024-04-18'),
(96, 5, 'Business analytics are insightful.', '2024-05-04'),
(97, 5, 'Messaging app is secure.', '2024-05-10'),
(98, 4, '3D design is creative.', '2024-04-16'),
(99, 5, 'High availability setup is reliable.', '2024-04-01'),
(100, 5, 'Reinforcement learning is advanced.', '2024-04-07');

-- MESSAGES (120 entries)
INSERT IGNORE INTO messages (sender_type, sender_id, receiver_id, message_text, sent_at, is_read)
VALUES
('Client', 1, 1, 'Hi, I like your proposal for the website redesign. Can we meet?', '2024-01-11 10:30:00', FALSE),
('Freelancer', 1, 1, 'Sure, I am available for a call tomorrow.', '2024-01-11 11:00:00', FALSE),
('Client', 2, 4, 'Can you show me some previous dashboards you built?', '2024-01-13 14:20:00', FALSE),
('Freelancer', 4, 2, 'Yes, I will share a link to my portfolio.', '2024-01-13 14:45:00', FALSE),
('Client', 3, 7, 'For the taxi app, do you support payment integration?', '2024-01-16 09:15:00', FALSE),
('Freelancer', 7, 3, 'Yes, I can integrate Razorpay or UPI payments.', '2024-01-16 10:00:00', FALSE),
('Client', 4, 10, 'We need fresh branding. Can you suggest color palettes?', '2024-02-02 16:00:00', FALSE),
('Freelancer', 10, 4, 'I can prepare 3 options with mood boards by today.', '2024-02-02 17:00:00', FALSE),
('Client', 5, 13, 'The DevOps setup needs to be scalable. What cloud platforms do you work with?', '2024-02-06 12:15:00', FALSE),
('Freelancer', 13, 5, 'I work with AWS, Azure, and GCP. I can set up auto-scaling and monitoring.', '2024-02-06 13:30:00', FALSE),
('Client', 1, 16, 'Chatbot should support Marathi and English.', '2024-02-11 13:30:00', FALSE),
('Freelancer', 16, 1, 'Yes, I will add multilingual support with fallback to English.', '2024-02-11 14:00:00', FALSE),
('Client', 2, 19, 'SEO improvements need to be visible within a month.', '2024-02-13 15:00:00', FALSE),
('Freelancer', 19, 2, 'I will implement on-page SEO and optimize page speed immediately.', '2024-02-13 15:30:00', FALSE),
('Client', 3, 22, 'The churn prediction model needs to be accurate above 85%.', '2024-02-21 10:00:00', FALSE),
('Freelancer', 22, 3, 'I will use advanced ML algorithms to achieve that accuracy.', '2024-02-21 11:00:00', FALSE),
('Client', 4, 25, 'E-learning app needs video streaming capability.', '2024-03-01 14:00:00', FALSE),
('Freelancer', 25, 4, 'I will integrate video streaming with adaptive bitrate.', '2024-03-01 15:00:00', FALSE),
('Client', 5, 28, 'Social media graphics should be in multiple formats.', '2024-03-06 16:00:00', FALSE),
('Freelancer', 28, 5, 'I will provide PNG, JPG, and vector formats.', '2024-03-06 17:00:00', FALSE),
('Client', 6, 31, 'E-commerce platform needs inventory management.', '2024-01-09 09:00:00', FALSE),
('Freelancer', 31, 6, 'I will build a complete inventory management system.', '2024-01-09 10:00:00', FALSE),
('Client', 7, 33, 'BI dashboard needs real-time data updates.', '2024-01-15 11:00:00', FALSE),
('Freelancer', 33, 7, 'I will use WebSocket for real-time data streaming.', '2024-01-15 12:00:00', FALSE),
('Client', 8, 35, 'Food delivery app needs GPS tracking.', '2024-01-19 13:00:00', FALSE),
('Freelancer', 35, 8, 'I will integrate Google Maps API for tracking.', '2024-01-19 14:00:00', FALSE),
('Client', 9, 37, 'Healthcare app needs HIPAA compliance.', '2024-02-04 15:00:00', FALSE),
('Freelancer', 37, 9, 'I will ensure all data encryption and compliance measures.', '2024-02-04 16:00:00', FALSE),
('Client', 10, 39, 'Cloud infrastructure needs 99.9% uptime.', '2024-02-08 10:00:00', FALSE),
('Freelancer', 39, 10, 'I will set up redundant systems for high availability.', '2024-02-08 11:00:00', FALSE),
('Client', 11, 41, 'Image recognition needs to work offline.', '2024-02-12 12:00:00', FALSE),
('Freelancer', 41, 11, 'I will use on-device ML models for offline capability.', '2024-02-12 13:00:00', FALSE),
('Client', 12, 43, 'Corporate website needs multilingual support.', '2024-02-14 14:00:00', FALSE),
('Freelancer', 43, 12, 'I will implement i18n with multiple language support.', '2024-02-14 15:00:00', FALSE),
('Client', 13, 45, 'Data warehouse needs to handle 1TB of data.', '2024-02-22 16:00:00', FALSE),
('Freelancer', 45, 13, 'I will design scalable architecture for large datasets.', '2024-02-22 17:00:00', FALSE),
('Client', 14, 47, 'Fitness app needs integration with wearables.', '2024-03-02 09:00:00', FALSE),
('Freelancer', 47, 14, 'I will integrate with Fitbit, Apple Watch, and Garmin.', '2024-03-02 10:00:00', FALSE),
('Client', 15, 49, 'Brand guidelines need to be comprehensive.', '2024-03-07 11:00:00', FALSE),
('Freelancer', 49, 15, 'I will create detailed brand guidelines document.', '2024-03-07 12:00:00', FALSE),
('Client', 16, 51, 'Kubernetes needs auto-scaling configuration.', '2024-01-12 13:00:00', FALSE),
('Freelancer', 51, 16, 'I will configure HPA and VPA for auto-scaling.', '2024-01-12 14:00:00', FALSE),
('Client', 17, 52, 'Sentiment analysis needs to process 10K tweets per minute.', '2024-01-14 15:00:00', FALSE),
('Freelancer', 52, 17, 'I will use distributed processing for high throughput.', '2024-01-14 16:00:00', FALSE),
('Client', 18, 53, 'Portfolio website needs dark mode.', '2024-01-17 10:00:00', FALSE),
('Freelancer', 53, 18, 'I will implement theme switching with dark mode.', '2024-01-17 11:00:00', FALSE),
('Client', 19, 54, 'Predictive analytics needs to be updated daily.', '2024-01-20 12:00:00', FALSE),
('Freelancer', 54, 19, 'I will set up automated daily model retraining.', '2024-01-20 13:00:00', FALSE),
('Client', 20, 55, 'Ride-sharing app needs driver verification.', '2024-01-23 14:00:00', FALSE),
('Freelancer', 55, 20, 'I will implement KYC verification for drivers.', '2024-01-23 15:00:00', FALSE),
('Client', 21, 56, 'Mobile banking UI needs to be accessible.', '2024-02-05 16:00:00', FALSE),
('Freelancer', 56, 21, 'I will follow WCAG guidelines for accessibility.', '2024-02-05 17:00:00', FALSE),
('Client', 22, 57, 'Monitoring needs alerting for critical issues.', '2024-02-09 09:00:00', FALSE),
('Freelancer', 57, 22, 'I will set up alerting with PagerDuty integration.', '2024-02-09 10:00:00', FALSE),
('Client', 23, 58, 'Recommendation engine needs A/B testing capability.', '2024-02-15 11:00:00', FALSE),
('Freelancer', 58, 23, 'I will implement A/B testing framework.', '2024-02-15 12:00:00', FALSE),
('Client', 24, 59, 'Blog platform needs SEO optimization.', '2024-02-16 13:00:00', FALSE),
('Freelancer', 59, 24, 'I will implement SEO best practices and meta tags.', '2024-02-16 14:00:00', FALSE),
('Client', 25, 60, 'Financial dashboard needs export functionality.', '2024-02-23 15:00:00', FALSE),
('Freelancer', 60, 25, 'I will add PDF and Excel export features.', '2024-02-23 16:00:00', FALSE),
('Client', 26, 61, 'Grocery app needs push notifications.', '2024-03-03 10:00:00', FALSE),
('Freelancer', 61, 26, 'I will implement Firebase push notifications.', '2024-03-03 11:00:00', FALSE),
('Client', 27, 62, 'Icon set needs to be scalable.', '2024-03-08 12:00:00', FALSE),
('Freelancer', 62, 27, 'I will provide SVG format for scalability.', '2024-03-08 13:00:00', FALSE),
('Client', 28, 63, 'Serverless architecture needs cost optimization.', '2024-01-10 14:00:00', FALSE),
('Freelancer', 63, 28, 'I will optimize Lambda functions for cost efficiency.', '2024-01-10 15:00:00', FALSE),
('Client', 29, 64, 'Fraud detection needs real-time processing.', '2024-01-18 16:00:00', FALSE),
('Freelancer', 64, 29, 'I will use stream processing for real-time detection.', '2024-01-18 17:00:00', FALSE),
('Client', 30, 65, 'Landing pages need conversion tracking.', '2024-01-21 09:00:00', FALSE),
('Freelancer', 65, 30, 'I will integrate Google Analytics and conversion pixels.', '2024-01-21 10:00:00', FALSE),
('Client', 31, 66, 'Supply chain analytics needs predictive capabilities.', '2024-01-24 11:00:00', FALSE),
('Freelancer', 66, 31, 'I will add ML models for demand forecasting.', '2024-01-24 12:00:00', FALSE),
('Client', 32, 67, 'Social media app needs content moderation.', '2024-01-27 13:00:00', FALSE),
('Freelancer', 67, 32, 'I will implement AI-based content moderation.', '2024-01-27 14:00:00', FALSE),
('Client', 33, 68, 'Web app UI needs responsive design.', '2024-02-07 15:00:00', FALSE),
('Freelancer', 68, 33, 'I will ensure mobile-first responsive design.', '2024-02-07 16:00:00', FALSE),
('Client', 34, 69, 'Database migration needs zero downtime.', '2024-02-10 10:00:00', FALSE),
('Freelancer', 69, 34, 'I will use blue-green deployment strategy.', '2024-02-10 11:00:00', FALSE),
('Client', 35, 70, 'NLP system needs multi-language support.', '2024-02-17 12:00:00', FALSE),
('Freelancer', 70, 35, 'I will support 10+ languages with translation.', '2024-02-17 13:00:00', FALSE),
('Client', 36, 71, 'Event website needs ticketing system.', '2024-02-18 14:00:00', FALSE),
('Freelancer', 71, 36, 'I will integrate payment gateway for ticketing.', '2024-02-18 15:00:00', FALSE),
('Client', 37, 72, 'Marketing analytics needs ROI tracking.', '2024-02-24 16:00:00', FALSE),
('Freelancer', 72, 37, 'I will implement comprehensive ROI metrics.', '2024-02-24 17:00:00', FALSE),
('Client', 38, 73, 'Travel app needs offline mode.', '2024-03-04 09:00:00', FALSE),
('Freelancer', 73, 38, 'I will implement offline data caching.', '2024-03-04 10:00:00', FALSE),
('Client', 39, 74, 'Illustrations need to match brand colors.', '2024-03-09 11:00:00', FALSE),
('Freelancer', 74, 39, 'I will use your brand color palette.', '2024-03-09 12:00:00', FALSE),
('Client', 40, 75, 'Microservices need API documentation.', '2024-01-08 13:00:00', FALSE),
('Freelancer', 75, 40, 'I will create comprehensive API docs with Swagger.', '2024-01-08 14:00:00', FALSE),
('Client', 41, 76, 'Computer vision needs batch processing.', '2024-01-22 15:00:00', FALSE),
('Freelancer', 76, 41, 'I will implement batch processing pipeline.', '2024-01-22 16:00:00', FALSE),
('Client', 42, 77, 'Real estate website needs property search.', '2024-01-25 10:00:00', FALSE),
('Freelancer', 77, 42, 'I will build advanced search with filters.', '2024-01-25 11:00:00', FALSE),
('Client', 43, 78, 'HR dashboard needs employee analytics.', '2024-01-28 12:00:00', FALSE),
('Freelancer', 78, 43, 'I will add employee performance metrics.', '2024-01-28 13:00:00', FALSE),
('Client', 44, 79, 'Music app needs playlist sharing.', '2024-01-31 14:00:00', FALSE),
('Freelancer', 79, 44, 'I will implement social sharing features.', '2024-01-31 15:00:00', FALSE),
('Client', 45, 80, 'Packaging design needs 3D mockups.', '2024-02-03 16:00:00', FALSE),
('Freelancer', 80, 45, 'I will provide 3D renderings of packaging.', '2024-02-03 17:00:00', FALSE),
('Client', 46, 81, 'Disaster recovery needs RTO of 1 hour.', '2024-02-11 09:00:00', FALSE),
('Freelancer', 81, 46, 'I will configure backup and recovery to meet RTO.', '2024-02-11 10:00:00', FALSE),
('Client', 47, 82, 'Time series forecasting needs confidence intervals.', '2024-02-19 11:00:00', FALSE),
('Freelancer', 82, 47, 'I will add prediction intervals to forecasts.', '2024-02-19 12:00:00', FALSE),
('Client', 48, 83, 'Restaurant website needs online ordering.', '2024-02-20 13:00:00', FALSE),
('Freelancer', 83, 48, 'I will integrate online ordering system.', '2024-02-20 14:00:00', FALSE),
('Client', 49, 84, 'Customer segmentation needs visualization.', '2024-02-25 15:00:00', FALSE),
('Freelancer', 84, 49, 'I will create interactive segmentation charts.', '2024-02-25 16:00:00', FALSE),
('Client', 50, 85, 'Dating app needs matching algorithm.', '2024-03-05 10:00:00', FALSE),
('Freelancer', 85, 50, 'I will implement ML-based matching algorithm.', '2024-03-05 11:00:00', FALSE),
('Client', 51, 86, 'Infographics need to be editable.', '2024-03-10 12:00:00', FALSE),
('Freelancer', 86, 51, 'I will provide source files in editable formats.', '2024-03-10 13:00:00', FALSE),
('Client', 52, 87, 'Load balancing needs health checks.', '2024-01-07 14:00:00', FALSE),
('Freelancer', 87, 52, 'I will configure health check endpoints.', '2024-01-07 15:00:00', FALSE),
('Client', 53, 88, 'Speech recognition needs noise cancellation.', '2024-01-26 16:00:00', FALSE),
('Freelancer', 88, 53, 'I will implement noise reduction algorithms.', '2024-01-26 17:00:00', FALSE),
('Client', 54, 89, 'News portal needs RSS feed.', '2024-01-29 09:00:00', FALSE),
('Freelancer', 89, 54, 'I will generate RSS feeds for all categories.', '2024-01-29 10:00:00', FALSE),
('Client', 55, 90, 'Inventory analytics needs reorder alerts.', '2024-02-01 11:00:00', FALSE),
('Freelancer', 90, 55, 'I will implement automated reorder notifications.', '2024-02-01 12:00:00', FALSE),
('Client', 56, 91, 'Video streaming needs adaptive quality.', '2024-02-02 13:00:00', FALSE),
('Freelancer', 91, 56, 'I will implement adaptive bitrate streaming.', '2024-02-02 14:00:00', FALSE),
('Client', 57, 92, 'Brochures need print-ready files.', '2024-02-12 15:00:00', FALSE),
('Freelancer', 92, 57, 'I will provide high-resolution print files.', '2024-02-12 16:00:00', FALSE),
('Client', 58, 93, 'Security audit needs penetration testing.', '2024-02-13 10:00:00', FALSE),
('Freelancer', 93, 58, 'I will perform comprehensive pen testing.', '2024-02-13 11:00:00', FALSE),
('Client', 59, 94, 'Anomaly detection needs real-time alerts.', '2024-02-26 12:00:00', FALSE),
('Freelancer', 94, 59, 'I will set up real-time alerting system.', '2024-02-26 13:00:00', FALSE),
('Client', 60, 95, 'E-learning platform needs certificates.', '2024-02-27 14:00:00', FALSE),
('Freelancer', 95, 60, 'I will implement certificate generation system.', '2024-02-27 15:00:00', FALSE),
('Client', 61, 96, 'Sales forecasting needs scenario planning.', '2024-02-28 16:00:00', FALSE),
('Freelancer', 96, 61, 'I will add what-if analysis capabilities.', '2024-02-28 17:00:00', FALSE),
('Client', 62, 97, 'AR shopping needs 3D product models.', '2024-03-06 09:00:00', FALSE),
('Freelancer', 97, 62, 'I will create 3D models for AR visualization.', '2024-03-06 10:00:00', FALSE),
('Client', 63, 98, 'Presentations need animation effects.', '2024-03-11 11:00:00', FALSE),
('Freelancer', 98, 63, 'I will add smooth transitions and animations.', '2024-03-11 12:00:00', FALSE),
('Client', 64, 99, 'API gateway needs rate limiting.', '2024-01-06 13:00:00', FALSE),
('Freelancer', 99, 64, 'I will implement rate limiting and throttling.', '2024-01-06 14:00:00', FALSE),
('Client', 65, 100, 'Text classification needs confidence scores.', '2024-01-30 15:00:00', FALSE),
('Freelancer', 100, 65, 'I will provide confidence scores for classifications.', '2024-01-30 16:00:00', FALSE);

COMMIT;



